<odoo>
    <data noupdate="1">
        <record id="payment_acquirer_atom" model="payment.acquirer">
            <field name="name">Paytm</field>
            <field name="provider">paytm</field>
            <field name="company_id" ref="base.main_company"/>
            <field name="image_128" type="base64" file="paytm_payment_gateway/static/description/icon.png"/>
            <field name="view_template_id" ref="paytm_form"/>
            <field name="state">test</field>
            <field name="paytm_merchant_id">demo</field>
            <field name="paytm_merchant_key">demo</field>
        </record>
    </data>
</odoo>