<?xml version="1.0" encoding="utf-8"?>
<odoo>

    <record id="email_booking_birthday" model="mail.template">
        <field name="name">Booking Customer: Birthday Wishes </field>
        <field name="model_id" ref="ht_gym_mgmt.model_customer_booking"/>
        <field name="email_from">${(object.partner_id.email_formatted) | safe}</field>
        <field name="email_to">${object.email}</field>
        <field name="subject">$It's your Birthday </field>
        <field name="body_html" type="html">
            <div style="margin: 0px; padding: 0px;">
                <p style="margin: 0px; padding: 0px; font-size: 13px;">
                    Dear ${object.partner_id.name}
                    <br /> <br/>
                    This is your day bodybuilder please enjoy this day rather than spending time in gym.
                    <br/> <br/>
                    Happiest Birthday to you.
                </p>
            </div>
        </field>
    </record>
</odoo>