<?xml version="1.0" encoding="utf-8"?>
<odoo>

    <record id="renewal_membership" model="mail.template">
        <field name="name">Booking Customer: Membership Renewal </field>
        <field name="model_id" ref="ht_gym_mgmt.model_customer_booking"/>
        <field name="email_from">${(object.partner_id.email_formatted) | safe}</field>
        <field name="email_to">${object.email}</field>
        <field name="subject">$Renewal Of Membership </field>
        <field name="body_html" type="html">
            <div style="margin: 0px; padding: 0px;">
                <p style="margin: 0px; padding: 0px; font-size: 13px;">
                    Dear ${object.partner_id.name}
                    <br /> <br/>
                    Today is the last day of your ${object.membership.name} membership
                    <br/> <br/>
                    Please revert back if you want to continue your membership with us.
                </p>
            </div>
        </field>
    </record>
</odoo>