<?xml version="1.0" encoding="utf-8"?>
<odoo>
    <data>
        <record id="ir_cron_membership_expiry" model="ir.cron">
            <field name="name">Membership: expire membership</field>
            <field name="model_id" ref="model_customer_booking"/>
            <field name="type">ir.actions.server</field>
            <field name="state">code</field>
            <field name="code">model.expire_membership()</field>
            <field name="user_id" ref="base.user_root"/>
            <field name="interval_number">1</field>
            <field name="interval_type">days</field>
            <field name="numbercall">-1</field>
            <field name="doall" eval="False" />
        </record>

        <record id="ir_cron_renewal" model="ir.cron">
            <field name="name">Booking: Renewal membership</field>
            <field name="model_id" ref="model_customer_booking"/>
            <field name="type">ir.actions.server</field>
            <field name="state">code</field>
            <field name="code">model.renewal_request()</field>
            <field name="user_id" ref="base.user_root"/>
            <field name="interval_number">1</field>
            <field name="interval_type">days</field>
            <field name="numbercall">-1</field>
            <field name="doall" eval="False"/>
        </record>

        <record id="ir_cron_fee_notification" model="ir.cron">
            <field name="name">Fees: Fee reminder</field>
            <field name="model_id" ref="model_customer_fees"/>
            <field name="type">ir.actions.server</field>
            <field name="state">code</field>
            <field name="code">model.fee_reminder()</field>
            <field name="user_id" ref="base.user_root"/>
            <field name="interval_number">1</field>
            <field name="interval_type">days</field>
            <field name="numbercall">-1</field>
            <field name="doall" eval="False"/>
        </record>

        <record id="ir_cron_birthday_email" model="ir.cron">
            <field name="name">Booking: Member Birthday Wish</field>
            <field name="model_id" ref="model_customer_booking"/>
            <field name="type">ir.actions.server</field>
            <field name="state">code</field>
            <field name="code">model.send_email()</field>
            <field name="user_id" ref="base.user_root"/>
            <field name="interval_number">1</field>
            <field name="interval_type">days</field>
            <field name="numbercall">-1</field>
            <field name="doall" eval="False"/>
        </record>

    </data>
</odoo>