<?xml version="1.0" encoding="utf-8"?>
<odoo>
<!-- groups for the gym model -->

	<record id="gym_users" model="ir.module.category">
		<field name="name">Users</field>
        <field name="description">Helps you manage your gym members.</field>
        <field name="sequence">3</field>
    </record>

    <record id="group_gym_members" model="res.groups">
        <field name="name">Gym Members</field>
        <field name="category_id" ref="ht_gym_mgmt.gym_users"/>
        <field name="comment">Gym member can register themselves or create a booking</field>
    </record>

   	<record id="group_gym_trainer" model="res.groups">
        <field name="name">Gym Trainers</field>
        <field name="category_id" ref="ht_gym_mgmt.gym_users"/>
        <field name="comment">The user will be able to approve document created by employees.</field>
    </record>

    <record id="group_gym_owner" model="res.groups">
        <field name="name">Gym Owners</field>
        <field name="category_id" ref="ht_gym_mgmt.gym_users"/>
        <field name="comment">Owner can access all the records.</field>
    </record>

<!-- record rules for the Gym Management-->
    <data noupdate="1"> 

        <record id="access_gym_trainers" model="ir.rule">
            <field name="name">Access those memebers data whose coach is particular trainer.</field>
            <field name="model_id" ref="model_customer_membership"/>
            <field name="domain_force">[('coach_id','=',user.id)]</field>
            <field name="groups" eval="[(4,ref('ht_gym_mgmt.group_gym_trainer'))]" />
        </record>

        <record id="access_gym_admin" model="ir.rule">
            <field name="name">Access all members data</field >
            <field name="model_id" ref="model_customer_membership"/>
            <field name="domain_force">[(1,'=',1)]</field>
            <field name="groups" eval="[(4,ref('ht_gym_mgmt.group_gym_owner'))]" />
        </record>


        <record id="access_gym_user" model="ir.rule">
            <field name="name">Access own record</field>
            <field name="model_id" ref="model_customer_membership"/>
            <field name="domain_force">[('user_id','=',user.id)]</field>
            <field name="groups" eval="[(4,ref('ht_gym_mgmt.group_gym_members'))]" />
        </record>
    </data>
</odoo>
