id,name,model_id:id,group_id:id,perm_read,perm_write,perm_create,perm_unlink

access_customer_membership,cusomer.membership,model_customer_membership,group_gym_members,1,1,1,0
access_customer_all,customer.membership.all,model_customer_membership,group_gym_trainer,1,0,0,0
access_customer_trainers,customer.membership.trainers,model_customer_membership,group_gym_owner,1,1,1,1

access_res_partner,res.partner,model_res_partner,,1,1,1,1

access_course_course,course.course,model_course_course,,1,1,1,1

access_customer_booking,customer.booking,model_customer_booking,,1,1,1,1

access_course_batch,course.batch,model_course_batch,,1,1,1,1

access_features_features,features.features,model_features_features,,1,1,1,1

access_offer_offer,offer.offer,model_offer_offer,,1,1,1,1

access_customer_fees,customer.fees,model_customer_fees,,1,1,1,1

access_trainee_analysis,trainee.analysis,model_trainee_analysis,,1,1,1,1

access_trainee_report,trainee.report,model_trainee_report,,1,1,1,1

access_gym_activity,gym.activity,model_gym_activity,,1,1,1,1

access_work_schedule,work.schedule,model_work_schedule,,1,1,1,1

access_schedule_activity,schedule.activity,model_schedule_activity,,1,1,1,1

access_workout_plan,workout.plan,model_workout_plan,,1,1,1,1

access_plan_activity,plan.activity,model_plan_activity,,1,1,1,1

access_booking_xlsx_report,booking.xlsx.report,model_booking_xlsx_report,,1,1,1,1

access_membership_xlsx_report,membership.xlsx.report,model_membership_xlsx_report,,1,1,1,1

access_course_xlsx_report,course.xlsx.report,model_course_xlsx_report,,1,1,1,1

access_offer_xlsx_report,offer.xlsx.report,model_offer_xlsx_report,,1,1,1,1

access_feature_xlsx_report,feature.xlsx.report,model_feature_xlsx_report,,1,1,1,1

access_course_batch_xlsx_report,course.batch.xlsx.report,model_course_batch_xlsx_report,,1,1,1,1

access_trainee_analysis_xlsx_report,trainee.analysis.xlsx.report,model_trainee_analysis_xlsx_report,,1,1,1,1